first_name,last_name,user_name,password
anna,lama,123,scrypt:32768:8:1$y2Er36MsrlKRskbG$883f5e48dd9b57b52e754803e3c9cbe4930b9c0529d8753bd8ff430293fad468dbf2f87d3977d456db8e97c052a027a9f73f2fd959c2e4b333fd21f05e3d6c0e
ma,tu,12,scrypt:32768:8:1$LenxlUbiXBBmfQ56$ddb9c2891a8a87e52236695c4f26cb8c78de313742f1c5d0271a3d851ccd774056969ed44ae182fcaa6f17af6af67f505e92ed5d40a73feec33e8b61443f0ff7
no,no,12345,scrypt:32768:8:1$G5CyNQaTnmAv55Ji$9260b145e53603d6b4d7112d9940fd5b7eb81cd3d0cd6e63d037d0fa3eec99780f0934fc2d72fca5288a7fc06ffe0011f4f5684aa84378451fba835feb793301
lo,lo,lo,scrypt:32768:8:1$QPzQvkX4cq9JaRFK$4136b73b95efec3c05b828b60f126af6936707c7c7c3b687f18afa48f6b1d9c397e9220d4df0fb17e09c9fa6bc4c34ed9c4ef66660145baa85f7bcbc8778fe3a
n,n,n,scrypt:32768:8:1$dEFufw5i6geClaNl$c18974570a0fc4d7329580ce81ee56f45c25f6a4a00d3e3ee528e3495e397bb2f14f5639e3a59a21ec6bedc79252b400c4e997af460513bc0732b94573bf0f5e
v,v,v,scrypt:32768:8:1$K7bR02oqbML8PTWi$64d9efae0dbb7d4bbe46077fd887e88554fa001453694f765bf62637b0d541bd245bb3a6c1ef7d3841140fc278e1a736ff5bcdc560e2d07341dd168b25771abb
w,w,mi,scrypt:32768:8:1$SlCCYiWVRbusBPW0$ed9e40f5af11dacca844bd5ce26046e581238f90b511af5f698d1f1370c8cb5331a0a3f3aa9030b8b2518111e5e9161ecb2c813ec9f0024916b4c33dce9c27f5
v,v,p,scrypt:32768:8:1$xbVuDnbC2LsuL2ir$9dae570708cc8262a2034d8b4482f8455bd097040e867b08d52d721f58a2d883581e8730d15c30f61cb9a940c68c2aedd8bc07e24c665d1a26478654708141d5
mfrjrnrg,dgfbfdfgb,34,scrypt:32768:8:1$638dTbIk7QqoGgRT$b709f57e23b8c4aed737a57af3786305bb78852931b7f077ca1ff596bd1cee889035d70d067a25c2a773e1464e3fe7c2bfc99e258c76c75c6845a2ab764981a5
p,i,d,scrypt:32768:8:1$exXxt2jDua0r0Jg2$a167269a0cd73481d90d28e5e5450ea73278474c73b9c8429b43e620a7cd8382ad019c5d73dc717579d9b8dafa741d400f3ee754590fd3931ed884cdad1963b8
k,k,k,scrypt:32768:8:1$qEmZDLx0Of4LvyvN$0f09a4bd296cb528973ffda5e7b5411fdc211c946246c826aedb9a8542c83a684140e383af34285e1287663b7a507d505a2665be28ccf0fc2141ea770b857172
n,n,yuy,scrypt:32768:8:1$EYtnPH9y8XARPrGe$5d9c00d933e02abdfe12b4b2ce7aba880b38ed555019a137dd9b86195205ec64604244136f6b4fd7f966f17f86ab433b5be01baa795da8865873356d165ee24c
